{
  "project_info": {
    "project_number": "607420159587",
    "firebase_url": "https://notificacionesfirebase-dee55.firebaseio.com",
    "project_id": "notificacionesfirebase-dee55",
    "storage_bucket": "notificacionesfirebase-dee55.appspot.com"
  },
  "client": [
    {
      "client_info": {
        "mobilesdk_app_id": "1:607420159587:android:5927ec87f2f784d2844a56",
        "android_client_info": {
          "package_name": "net.lrivas.notificacionesandroid"
        }
      },
      "oauth_client": [
        {
          "client_id": "607420159587-d4ip6ebtnurb4e2e8313tmt01iudagd7.apps.googleusercontent.com",
          "client_type": 1,
          "android_info": {
            "package_name": "net.lrivas.notificacionesandroid",
            "certificate_hash": "a5461ce1f3bf04fd7267b77df681a6285c14de7f"
          }
        },
        {
          "client_id": "607420159587-67p4dt4j8fa02lsliml3heor722774h7.apps.googleusercontent.com",
          "client_type": 3
        }
      ],
      "api_key": [
        {
          "current_key": "AIzaSyCmZkcKn2r6Vcn6HYJoH8OdEpJtE4D7U-M"
        }
      ],
      "services": {
        "appinvite_service": {
          "other_platform_oauth_client": [
            {
              "client_id": "607420159587-67p4dt4j8fa02lsliml3heor722774h7.apps.googleusercontent.com",
              "client_type": 3
            }
          ]
        }
      }
    }
  ],
  "configuration_version": "1"
}